Name,Email,Username,Address,Hashpassword,Role
John Doel sombang,johndoe@example.com,johndoe123,123 Main St,password,admin
Jane Doe,janedoe@example.com,janedoe456,456 Oak St,password,participant
Bob Smith,bobsmith@example.com,bobsmith789,789 Elm St,password,participant
Alice Johnson,alicejohnson@example.com,alicejohn123,321 Pine St,password,admin
Eva Williams,evawilliams@example.com,evawill456,654 Birch St,password,participant
Charlie Brown,charliebrown@example.com,charlie123,789 Oak St,password,trainer
Grace Davis,gracedavis@example.com,gracedoe789,987 Cedar St,password,admin
Michael Miller,michaelmiller@example.com,michael456,543 Maple St,password,trainer
Sophia Brown,sophiabrown@example.com,sophiadoe123,876 Oak St,password,trainer
tes2,tes2@gmail.com,tes2,876 Oak St,password,admin
